{"cameraMode":{"drawMode":0,"name":"Shaded","section":"Shading Mode"},"sceneLighting":false,"audioPlay":false,"sceneViewState":{"m_AlwaysRefresh":false,"showFog":true,"showSkybox":false,"showFlares":true,"showImageEffects":true,"showParticleSystems":true,"showVisualEffectGraphs":true,"m_FxEnabled":true},"in2DMode":false,"pivot":{"x":-0.24804918467998506,"y":-0.4014303684234619,"z":-0.5939931869506836},"rotation":{"x":-0.01613757386803627,"y":0.8691893219947815,"z":-0.49341467022895815,"w":-0.02843211591243744},"size":1.2589678764343262,"orthographic":false}