{"cameraMode":{"drawMode":0,"name":"Shaded","section":"Shading Mode"},"sceneLighting":false,"audioPlay":false,"sceneViewState":{"m_AlwaysRefresh":false,"showFog":true,"showSkybox":false,"showFlares":true,"showImageEffects":true,"showParticleSystems":true,"showVisualEffectGraphs":true,"m_FxEnabled":true},"in2DMode":false,"pivot":{"x":0.4665462374687195,"y":0.30243444442749026,"z":-0.046753548085689548},"rotation":{"x":0.048302892595529559,"y":-0.9383259415626526,"z":0.1464330554008484,"w":0.3095000684261322},"size":1.2589678764343262,"orthographic":false}