{"cameraMode":{"drawMode":0,"name":"Shaded","section":"Shading Mode"},"sceneLighting":false,"audioPlay":false,"sceneViewState":{"m_AlwaysRefresh":false,"showFog":true,"showSkybox":false,"showFlares":true,"showImageEffects":true,"showParticleSystems":true,"showVisualEffectGraphs":true,"m_FxEnabled":true},"in2DMode":false,"pivot":{"x":-2.3827569484710695,"y":-3.1925430297851564,"z":1.7262399196624756},"rotation":{"x":-0.013917285017669201,"y":0.6813724637031555,"z":-0.7317339777946472,"w":-0.012814030051231385},"size":9.294763565063477,"orthographic":false}