{"cameraMode":{"drawMode":0,"name":"Shaded","section":"Shading Mode"},"sceneLighting":false,"audioPlay":false,"sceneViewState":{"m_AlwaysRefresh":false,"showFog":true,"showSkybox":false,"showFlares":true,"showImageEffects":true,"showParticleSystems":true,"showVisualEffectGraphs":true,"m_FxEnabled":true},"in2DMode":false,"pivot":{"x":-0.19991840422153474,"y":-0.012447760440409184,"z":-0.2600362300872803},"rotation":{"x":0.649263858795166,"y":-0.047816481441259387,"z":0.040963348001241687,"w":0.7579599618911743},"size":0.4330126941204071,"orthographic":false}