{"cameraMode":{"drawMode":0,"name":"Shaded","section":"Shading Mode"},"sceneLighting":true,"audioPlay":false,"sceneViewState":{"m_AlwaysRefresh":false,"showFog":true,"showSkybox":true,"showFlares":true,"showImageEffects":true,"showParticleSystems":true,"showVisualEffectGraphs":true,"m_FxEnabled":true},"in2DMode":false,"pivot":{"x":-0.17470234632492066,"y":0.9973575472831726,"z":-3.8741331100463869},"rotation":{"x":-0.007566278800368309,"y":-0.01950320601463318,"z":-0.00015687309496570379,"w":0.9998009204864502},"size":1.8589682579040528,"orthographic":false}