{"cameraMode":{"drawMode":0,"name":"Shaded","section":"Shading Mode"},"sceneLighting":true,"audioPlay":false,"sceneViewState":{"m_AlwaysRefresh":false,"showFog":true,"showSkybox":true,"showFlares":true,"showImageEffects":true,"showParticleSystems":true,"showVisualEffectGraphs":true,"m_FxEnabled":true},"in2DMode":false,"pivot":{"x":-0.46725624799728396,"y":0.17246906459331513,"z":-5.4711151123046879},"rotation":{"x":0.004432275891304016,"y":-0.0030048012267798187,"z":0.0000042660908547986768,"w":1.0000050067901612},"size":1.8589682579040528,"orthographic":false}