{"cameraMode":{"drawMode":0,"name":"Shaded","section":"Shading Mode"},"sceneLighting":true,"audioPlay":false,"sceneViewState":{"m_AlwaysRefresh":false,"showFog":true,"showSkybox":true,"showFlares":true,"showImageEffects":true,"showParticleSystems":true,"showVisualEffectGraphs":true,"m_FxEnabled":true},"in2DMode":false,"pivot":{"x":-1.103600025177002,"y":-0.21536122262477876,"z":-7.202861785888672},"rotation":{"x":0.058385126292705539,"y":0.02245488204061985,"z":-0.0013227384770289064,"w":0.9980603456497192},"size":1.2589682340621949,"orthographic":false}